{
  "timesteps": 664000,
  "mean_score": 0.24554053177918092,
  "success_rate": 0.25,
  "mean_distance_to_goal": 4.094923982770491,
  "stage": "open"
}